{"cameraMode":{"drawMode":0,"name":"Shaded","section":"Shading Mode"},"sceneLighting":false,"audioPlay":false,"sceneViewState":{"m_AlwaysRefresh":false,"showFog":true,"showSkybox":false,"showFlares":true,"showImageEffects":true,"showParticleSystems":true,"showVisualEffectGraphs":true,"m_FxEnabled":true},"in2DMode":false,"pivot":{"x":-44.81857681274414,"y":1.5460155010223389,"z":0.5667094588279724},"rotation":{"x":-0.03351552411913872,"y":0.5216744542121887,"z":-0.020521610975265504,"w":-0.8522467613220215},"size":1.0606601238250733,"orthographic":false}